{"cameraMode":{"drawMode":0,"name":"Shaded","section":"Shading Mode"},"sceneLighting":true,"audioPlay":false,"sceneViewState":{"showFog":true,"showMaterialUpdate":false,"showSkybox":true,"showFlares":true,"showImageEffects":true,"showParticleSystems":true},"in2DMode":false,"pivot":{"x":126.29681396484375,"y":-11.255149841308594,"z":352.7745666503906},"rotation":{"x":0.34536367654800417,"y":0.1572931408882141,"z":-0.05873839184641838,"w":0.9233774542808533},"size":109.04441833496094,"orthographic":false}