{"cameraMode":{"drawMode":0,"name":"Shaded","section":"Shading Mode"},"sceneLighting":true,"audioPlay":false,"sceneViewState":{"showFog":true,"showMaterialUpdate":false,"showSkybox":true,"showFlares":true,"showImageEffects":true,"showParticleSystems":true},"in2DMode":false,"pivot":{"x":153.4766387939453,"y":6.339344024658203,"z":226.7144317626953},"rotation":{"x":0.16400031745433808,"y":0.6425079703330994,"z":-0.14384616911411286,"w":0.7346657514572144},"size":50.9127082824707,"orthographic":false}