{"cameraMode":{"drawMode":0,"name":"Shaded","section":"Shading Mode"},"sceneLighting":false,"audioPlay":false,"sceneViewState":{"showFog":true,"showMaterialUpdate":false,"showSkybox":false,"showFlares":true,"showImageEffects":true,"showParticleSystems":true},"in2DMode":false,"pivot":{"x":-0.3799781799316406,"y":0.5862312316894531,"z":0.11572265625},"rotation":{"x":0.0034602207597345115,"y":0.9957228302955627,"z":-0.08233393728733063,"w":0.04184548556804657},"size":3.0428390502929689,"orthographic":true}