{"cameraMode":{"drawMode":0,"name":"Shaded","section":"Shading Mode"},"sceneLighting":true,"audioPlay":false,"sceneViewState":{"showFog":true,"showMaterialUpdate":false,"showSkybox":true,"showFlares":true,"showImageEffects":true,"showParticleSystems":true},"in2DMode":false,"pivot":{"x":337.8580017089844,"y":38.9893913269043,"z":208.52694702148438},"rotation":{"x":0.20733042061328889,"y":-0.6629480123519898,"z":0.19876456260681153,"w":0.6914242506027222},"size":160.5393524169922,"orthographic":false}