{"cameraMode":{"drawMode":0,"name":"Shaded","section":"Shading Mode"},"sceneLighting":true,"audioPlay":false,"sceneViewState":{"showFog":true,"showMaterialUpdate":false,"showSkybox":true,"showFlares":true,"showImageEffects":true,"showParticleSystems":true},"in2DMode":false,"pivot":{"x":116.00466918945313,"y":-31.207773208618165,"z":187.54415893554688},"rotation":{"x":-0.09329249709844589,"y":0.7041889429092407,"z":-0.09411199390888214,"w":-0.6976274847984314},"size":150.60971069335938,"orthographic":false}