{"cameraMode":{"drawMode":0,"name":"Shaded","section":"Shading Mode"},"sceneLighting":true,"audioPlay":false,"sceneViewState":{"showFog":true,"showMaterialUpdate":false,"showSkybox":true,"showFlares":true,"showImageEffects":true,"showParticleSystems":true},"in2DMode":false,"pivot":{"x":211.34024047851563,"y":23.621910095214845,"z":242.40158081054688},"rotation":{"x":0.11574573814868927,"y":-0.8110882639884949,"z":0.17160697281360627,"w":0.5470832586288452},"size":121.38402557373047,"orthographic":false}