{"cameraMode":{"drawMode":0,"name":"Shaded","section":"Shading Mode"},"sceneLighting":false,"audioPlay":false,"sceneViewState":{"showFog":true,"showMaterialUpdate":false,"showSkybox":false,"showFlares":true,"showImageEffects":true,"showParticleSystems":true},"in2DMode":false,"pivot":{"x":-0.0041887760162353519,"y":0.7866235375404358,"z":0.11001455783843994},"rotation":{"x":0.0366278700530529,"y":-0.6770579814910889,"z":0.03372791036963463,"w":0.7342849373817444},"size":3.8015310764312746,"orthographic":false}